name,price
A Light in the Attic,￥441.60
Tipping the Velvet,￥458.40
Soumission,￥427.35
Sharp Objects,￥407.90
Sapiens: A Brief History of Humankind,￥462.58
The Requiem Red,￥193.20
The Dirty Little Secrets of Getting Your Dream Job,￥284.39
"The Coming Woman: A Novel Based on the Life of the Infamous Feminist, Victoria Woodhull",￥152.94
The Boys in the Boat: Nine Americans and Their Epic Quest for Gold at the 1936 Berlin Olympics,￥192.78
The Black Maria,￥444.84
"Starving Hearts (Triangular Trade Trilogy, #1)",￥119.33
Shakespeare's Sonnets,￥176.23
Set Me Free,￥148.93
Scott Pilgrim's Precious Little Life (Scott Pilgrim #1),￥446.03
Rip it Up and Start Again,￥298.72
"Our Band Could Be Your Life: Scenes from the American Indie Underground, 1981-1991",￥488.34
Olio,￥203.70
Mesaerion: The Best Science Fiction Stories 1800-1849,￥320.64
Libertarianism for Beginners,￥437.84
It's Only the Himalayas,￥385.30
In Her Wake,￥109.53
How Music Works,￥318.34
"Foolproof Preserving: A Guide to Small Batch Jams, Jellies, Pickles, Condiments, and More: A Foolproof Guide to Making Small Batch Jams, Jellies, Pickles, Condiments, and More",￥260.34
Chase Me (Paris Nights #2),￥215.55
Black Dust,￥294.54
Birdsong: A Story in Pictures,￥466.08
America's Cradle of Quarterbacks: Western Pennsylvania's Football Factory from Johnny Unitas to Joe Montana,￥191.92
Aladdin and His Wonderful Lamp,￥453.20
Worlds Elsewhere: Journeys Around Shakespeare’s Globe,￥343.76
Wall and Piece,￥376.86
The Four Agreements: A Practical Guide to Personal Freedom,￥150.64
The Five Love Languages: How to Express Heartfelt Commitment to Your Mate,￥264.86
The Elephant Tree,￥203.18
The Bear and the Piano,￥314.67
Sophie's World,￥135.97
Penny Maybe,￥283.96
Maude (1883-1993):She Grew Up with the country,￥153.71
"In a Dark, Dark Wood",￥167.44
Behind Closed Doors,￥445.44
You can't bury them all: Poems,￥286.86
Slow States of Collapse: Poems,￥488.85
Reasons to Stay Alive,￥225.28
Private Paris (Private #10),￥406.11
#HigherSelfie: Wake Up Your Life. Free Your Soul. Find Your Tribe.,￥197.13
Without Borders (Wanderlove #1),￥384.45
When We Collided,￥271.00
"We Love You, Charlie Freeman",￥428.80
Untitled Collection: Sabbath Poems 2014,￥121.72
"Unseen City: The Majesty of Pigeons, the Discreet Charm of Snails & Other Wonders of the Urban Wilderness",￥376.86
Unicorn Tracks,￥160.19
"Unbound: How Eight Technologies Made Us Human, Transformed Society, and Brought Our World to the Brink",￥217.69
Tsubasa: WoRLD CHRoNiCLE 2 (Tsubasa WoRLD CHRoNiCLE #2),￥138.87
Throwing Rocks at the Google Bus: How Growth Became the Enemy of Prosperity,￥265.45
This One Summer,￥166.25
Thirst,￥147.31
The Torch Is Passed: A Harding Family Story,￥162.84
The Secret of Dreadwillow Carse,￥478.79
"The Pioneer Woman Cooks: Dinnertime: Comfort Classics, Freezer Food, 16-Minute Meals, and Other Delicious Ways to Solve Supper!",￥481.18
The Past Never Ends,￥481.94
The Natural History of Us (The Fine Art of Pretending #2),￥385.73
The Nameless City (The Nameless City #1),￥325.50
The Murder That Never Was (Forensic Instincts #5),￥461.56
The Most Perfect Thing: Inside (and Outside) a Bird's Egg,￥366.45
"The Mindfulness and Acceptance Workbook for Anxiety: A Guide to Breaking Free from Anxiety, Phobias, and Worry Using Acceptance and Commitment Therapy",￥203.78
The Life-Changing Magic of Tidying Up: The Japanese Art of Decluttering and Organizing,￥143.05
"The Inefficiency Assassin: Time Management Tactics for Working Smarter, Not Longer",￥175.63
The Gutsy Girl: Escapades for Your Life of Epic Adventure,￥316.72
The Electric Pencil: Drawings from Inside State Hospital No. 3,￥478.19
The Death of Humanity: and the Case for Life,￥495.68
"The Bulletproof Diet: Lose up to a Pound a Day, Reclaim Energy and Focus, Upgrade Your Life",￥418.40
The Art Forger,￥347.68
The Age of Genius: The Seventeenth Century and the Birth of the Modern Mind,￥168.30
The Activist's Tao Te Ching: Ancient Advice for a Modern Revolution,￥275.01
Spark Joy: An Illustrated Master Class on the Art of Organizing and Tidying Up,￥356.81
Soul Reader,￥337.62
Security,￥334.80
"Saga, Volume 6 (Saga (Collected Editions) #6)",￥213.42
"Saga, Volume 5 (Saga (Collected Editions) #5)",￥435.37
Reskilling America: Learning to Labor in the Twenty-First Century,￥169.15
"Rat Queens, Vol. 3: Demons (Rat Queens (Collected Editions) #11-15)",￥429.91
"Princess Jellyfish 2-in-1 Omnibus, Vol. 01 (Princess Jellyfish 2-in-1 Omnibus #1)",￥116.09
Princess Between Worlds (Wide-Awake Princess #5),￥113.79
"Pop Gun War, Volume 1: Gift",￥161.81
"Political Suicide: Missteps, Peccadilloes, Bad Calls, Backroom Hijinx, Sordid Pasts, Rotten Breaks, and Just Plain Dumb Mistakes in the Annals of American Politics",￥309.47
Patience,￥86.66
"Outcast, Vol. 1: A Darkness Surrounds Him (Outcast #1)",￥131.70
orange: The Complete Collection 1 (orange: The Complete Collection #1),￥412.94
Online Marketing for Busy Authors: A Step-By-Step Guide,￥395.37
On a Midnight Clear,￥120.02
Obsidian (Lux #1),￥126.76
My Paris Kitchen: Recipes and Stories,￥284.65
Masks and Shadows,￥481.09
"Mama Tried: Traditional Italian Cooking for the Screwed, Crude, Vegan, and Tattooed",￥119.59
"Lumberjanes, Vol. 2: Friendship to the Max (Lumberjanes #5-8)",￥400.14
"Lumberjanes, Vol. 1: Beware the Kitten Holy (Lumberjanes #1-4)",￥389.05
Lumberjanes Vol. 3: A Terrible Plan (Lumberjanes #9-12),￥169.92
"Layered: Baking, Building, and Styling Spectacular Cakes",￥342.14
Judo: Seven Steps to Black Belt (an Introductory Guide for Beginners),￥459.77
Join,￥304.27
In the Country We Love: My Family Divided,￥187.66
Immunity: How Elie Metchnikoff Changed the Course of Modern Medicine,￥489.28
"I Hate Fairyland, Vol. 1: Madly Ever After (I Hate Fairyland (Compilations) #1-5)",￥248.82
I am a Hero Omnibus Volume 1,￥465.99
How to Be Miserable: 40 Strategies You Already Use,￥392.64
Her Backup Boyfriend (The Sorensen Family #1),￥289.76
"Giant Days, Vol. 2 (Giant Days #5-8)",￥188.60
Forever and Forever: The Courtship of Henry Longfellow and Fanny Appleton,￥253.26
First and First (Five Boroughs #3),￥136.22
Fifty Shades Darker (Fifty Shades #2),￥187.32
Everydata: The Misinformation Hidden in the Little Data You Consume Every Day,￥463.61
"Don't Be a Jerk: And Other Practical Advice from Dogen, Japan's Greatest Zen Master",￥323.88
Danganronpa Volume 1,￥443.47
Crown of Midnight (Throne of Glass #2),￥369.26
"Codename Baboushka, Volume 1: The Conclave of Death",￥313.22
Camp Midnight,￥145.69
Call the Nurse: True Stories of a Country Nurse on a Scottish Isle,￥248.56
Burning,￥245.75
Bossypants,￥421.89
"Bitch Planet, Vol. 1: Extraordinary Machine (Bitch Planet (Collected Editions))",￥323.46
"Avatar: The Last Airbender: Smoke and Shadow, Part 3 (Smoke and Shadow #3)",￥239.61
Algorithms to Live By: The Computer Science of Human Decisions,￥262.81
A World of Flavor: Your Gluten Free Passport,￥366.36
"A Piece of Sky, a Grain of Rice: A Memoir in Four Meditations",￥484.16
A Murder in Time,￥141.94
A Flight of Arrows (The Pathfinders #2),￥473.67
A Fierce and Subtle Poison,￥239.95
A Court of Thorns and Roses (A Court of Thorns and Roses #1),￥446.72
(Un)Qualified: How God Uses Broken People to Do Big Things,￥460.62
You Are What You Love: The Spiritual Power of Habit,￥186.55
"William Shakespeare's Star Wars: Verily, A New Hope (William Shakespeare's Star Wars #4)",￥369.35
Tuesday Nights in 1980,￥179.47
Tracing Numbers on a Train,￥354.85
Throne of Glass (Throne of Glass #1),￥299.15
Thomas Jefferson and the Tripoli Pirates: The Forgotten War That Changed American History,￥508.73
Thirteen Reasons Why,￥449.70
The White Cat and the Monk: A Retelling of the Poem “Pangur Bán”,￥495.42
The Wedding Dress,￥205.74
The Vacationers,￥359.54
The Third Wave: An Entrepreneur’s Vision of the Future,￥107.56
The Stranger,￥148.76
The Shadow Hero (The Shadow Hero),￥282.68
The Secret (The Secret #1),￥233.47
The Regional Office Is Under Attack!,￥438.10
The Psychopath Test: A Journey Through the Madness Industry,￥307.08
The Project,￥90.84
The Power of Now: A Guide to Spiritual Enlightenment,￥371.40
The Omnivore's Dilemma: A Natural History of Four Meals,￥325.93
The Nerdy Nummies Cookbook: Sweet Treats for the Geek in All of Us,￥318.51
The Murder of Roger Ackroyd (Hercule Poirot #4),￥376.17
The Mistake (Off-Campus #2),￥369.26
The Matchmaker's Playbook (Wingmen Inc. #1),￥476.40
The Love and Lemons Cookbook: An Apple-to-Zucchini Celebration of Impromptu Cooking,￥320.73
The Long Shadow of Small Ghosts: Murder and Memory in an American City,￥93.57
The Kite Runner,￥356.72
The House by the Lake,￥315.18
The Glittering Court (The Glittering Court #1),￥377.71
The Girl on the Train,￥469.32
The Genius of Birds,￥147.06
The Emerald Mystery,￥197.47
The Cookies & Cups Cookbook: 125+ sweet & savory recipes reminding you to Always Eat Dessert First,￥351.86
The Bridge to Consciousness: I'm Writing the Bridge Between Science and Our Old and New Beliefs.,￥272.96
The Artist's Way: A Spiritual Path to Higher Creativity,￥328.32
The Art of War,￥284.39
The Argonauts,￥93.23
The 10% Entrepreneur: Live Your Startup Dream Without Quitting Your Day Job,￥235.00
Suddenly in Love (Lake Haven #1),￥477.59
Something More Than This,￥138.53
Soft Apocalypse,￥222.80
So You've Been Publicly Shamed,￥104.32
Shoe Dog: A Memoir by the Creator of NIKE,￥204.63
"Shobu Samurai, Project Aryoku (#3)",￥247.88
Secrets and Lace (Fatal Hearts #1),￥172.90
Scarlett Epstein Hates It Here,￥371.48
Romero and Juliet: A Tragic Tale of Love and Zombies,￥315.10
Redeeming Love,￥174.61
Poses for Artists Volume 1 - Dynamic and Sitting Poses: An Essential Reference for Figure Drawing and the Human Form,￥350.24
Poems That Make Grown Women Cry,￥121.04
"Nightingale, Sing",￥326.53
Night Sky with Exit Wounds,￥350.16
Mrs. Houdini,￥258.03
Modern Romance,￥241.06
Miss Peregrine’s Home for Peculiar Children (Miss Peregrine’s Peculiar Children #1),￥91.78
Louisa: The Extraordinary Life of Mrs. Adams,￥143.73
Little Red,￥114.90
Library of Souls (Miss Peregrine’s Peculiar Children #3),￥414.22
Large Print Heart of the Pride,￥163.35
I Had a Nice Time And Other Lies...: How to find love & sh*t like that,￥489.28
Hollow City (Miss Peregrine’s Peculiar Children #2),￥366.62
Grumbles,￥189.02
Full Moon over Noah’s Ark: An Odyssey to Mount Ararat and Beyond,￥421.64
Frostbite (Vampire Academy #2),￥255.81
Follow You Home,￥182.20
First Steps for New Christians (Print Edition),￥247.37
Finders Keepers (Bill Hodges Trilogy #2),￥456.61
"Fables, Vol. 1: Legends in Exile (Fables #1)",￥355.02
Eureka Trivia 6.0,￥465.65
Drive: The Surprising Truth About What Motivates Us,￥298.12
Done Rubbed Out (Reightman & Bailey #1),￥321.75
Doing It Over (Most Likely To #1),￥303.75
"Deliciously Ella Every Day: Quick and Easy Recipes for Gluten-Free Snacks, Packed Lunches, and Simple Meals",￥359.62
Dark Notes,￥163.69
"Daring Greatly: How the Courage to Be Vulnerable Transforms the Way We Live, Love, Parent, and Lead",￥165.74
Close to You,￥421.89
Chasing Heaven: What Dying Taught Me About Living,￥322.43
Big Magic: Creative Living Beyond Fear,￥262.72
Becoming Wise: An Inquiry into the Mystery and Art of Living,￥233.98
Beauty Restored (Riley Family Legacy Novellas #3),￥94.77
Batman: The Long Halloween (Batman),￥311.34
Batman: The Dark Knight Returns (Batman),￥131.19
Ayumi's Violin,￥132.04
Anonymous,￥399.37
Amy Meets the Saints and Sages,￥157.46
Amid the Chaos,￥312.03
Amatus,￥431.11
Agnostic: A Spirited Manifesto,￥106.71
Zealot: The Life and Times of Jesus of Nazareth,￥210.69
You (You #1),￥371.99
"Wonder Woman: Earth One, Volume One (Wonder Woman: Earth One #1)",￥318.51
Wild Swans,￥122.49
Why the Right Went Wrong: Conservatism--From Goldwater to the Tea Party and Beyond,￥449.10
Whole Lotta Creativity Going On: 60 Fun and Unusual Exercises to Awaken and Strengthen Your Creativity,￥325.85
What's It Like in Space?: Stories from Astronauts Who've Been There,￥167.19
"We Are Robin, Vol. 1: The Vigilante Business (We Are Robin #1)",￥459.77
Walt Disney's Alice in Wonderland,￥110.55
V for Vendetta (V for Vendetta Complete),￥316.46
Until Friday Night (The Field Party #1),￥395.02
"Unbroken: A World War II Story of Survival, Resilience, and Redemption",￥391.95
Twenty Yawns,￥188.34
Through the Woods,￥216.49
This Is Where It Ends,￥231.33
The Year of Magical Thinking,￥367.13
The Wright Brothers,￥484.50
The White Queen (The Cousins' War #1),￥221.01
The Wedding Pact (The O'Malleys #2),￥278.16
The Time Keeper,￥237.82
The Testament of Mary,￥449.28
The Star-Touched Queen,￥392.55
The Songs of the Gods,￥379.41
The Song of Achilles,￥319.02
The Rosie Project (Don Tillman #1),￥460.96
The Power of Habit: Why We Do What We Do in Life and Business,￥143.99
The Marriage of Opposites,￥239.52
The Lucifer Effect: Understanding How Good People Turn Evil,￥88.71
The Long Haul (Diary of a Wimpy Kid #9),￥375.92
The Loney,￥199.60
The Literature Book (Big Ideas Simply Explained),￥148.68
The Last Mile (Amos Decker #2),￥462.41
The Immortal Life of Henrietta Lacks,￥346.92
The Hidden Oracle (The Trials of Apollo #1),￥445.78
The Help Yourself Cookbook for Kids: 60 Easy Plant-Based Recipes Kids Can Make to Stay Healthy and Save the Earth,￥245.41
The Guilty (Will Robie #4),￥117.88
The First Hostage (J.B. Collins #2),￥220.50
The Dovekeepers,￥416.09
The Darkest Lie,￥301.54
The Bane Chronicles (The Bane Chronicles #1-11),￥381.55
The Bad-Ass Librarians of Timbuktu: And Their Race to Save the World’s Most Precious Manuscripts,￥134.52
The 14th Colony (Cotton Malone #11),￥334.72
That Darkness (Gardiner and Renner #1),￥118.74
Tastes Like Fear (DI Marnie Rome #3),￥91.19
Take Me with You,￥385.64
Swell: A Year of Waves,￥388.80
Superman Vol. 1: Before Truth (Superman by Gene Luen Yang #1),￥101.42
Still Life with Bread Crumbs,￥225.28
Steve Jobs,￥336.94
Sorting the Beef from the Bull: The Science of Food Fraud Forensics,￥381.63
Someone Like You (The Harrisons #2),￥450.30
"So Cute It Hurts!!, Vol. 6 (So Cute It Hurts!! #6)",￥302.22
Shtum,￥476.32
See America: A Celebration of Our National Parks & Treasured Sites,￥416.86
salt.,￥399.03
Robin War,￥407.90
"Red Hood/Arsenal, Vol. 1: Open for Business (Red Hood/Arsenal #1)",￥217.34
Rain Fish,￥201.05
"Quarter Life Poetry: Poems for the Young, Broke and Hangry",￥434.09
Pet Sematary,￥90.08
"Overload: How to Unplug, Unwind, and Unleash Yourself from the Pressure of Stress",￥444.84
Once Was a Time,￥155.93
Old School (Diary of a Wimpy Kid #10),￥100.91
No Dream Is Too High: Life Lessons From a Man Who Walked on the Moon,￥187.23
"Naruto (3-in-1 Edition), Vol. 14: Includes Vols. 40, 41 & 42 (Naruto: Omnibus #14)",￥327.47
My Name Is Lucy Barton,￥354.51
My Mrs. Brown,￥208.81
My Kind of Crazy,￥344.27
Mr. Mercedes (Bill Hodges Trilogy #1),￥246.52
More Than Music (Chasing the Dream #1),￥320.81
Made to Stick: Why Some Ideas Survive and Others Die,￥331.39
Luis Paints the World,￥460.19
Luckiest Girl Alive,￥425.05
Lowriders to the Center of the Earth (Lowriders in Space #2),￥439.38
Love Is a Mix Tape (Music #1),￥153.80
Looking for Lovely: Collecting the Moments that Matter,￥248.56
"Living Leadership by Insight: A Good Leader Achieves, a Great Leader Builds Monuments",￥400.14
Let It Out: A Journey Through Journaling,￥228.52
Lady Midnight (The Dark Artifices #1),￥138.87
"It's All Easy: Healthy, Delicious Weeknight Meals in under 30 Minutes",￥166.76
Island of Dragons (Unwanteds #7),￥252.91
I Know What I'm Doing -- and Other Lies I Tell Myself: Dispatches from a Life Under Construction,￥221.61
I Am Pilgrim (Pilgrim #1),￥90.42
"Hyperbole and a Half: Unfortunate Situations, Flawed Coping Mechanisms, Mayhem, and Other Things That Happened",￥125.82
"Hush, Hush (Hush, Hush #1)",￥401.08
Hold Your Breath (Search and Rescue #1),￥245.83
Hamilton: The Revolution,￥501.48
Greek Mythic History,￥87.26
God: The Most Unpleasant Character in All Fiction,￥256.16
Glory over Everything: Beyond The Kitchen House,￥391.02
Feathers: Displays of Brilliant Plumage,￥418.40
"Far & Away: Places on the Brink of Change: Seven Continents, Twenty-Five Years",￥128.46
Every Last Word,￥396.39
Eligible (The Austen Project #4),￥231.08
El Deafo,￥491.50
Eight Hundred Grapes,￥122.75
"Eaternity: More than 150 Deliciously Easy Vegan Recipes for a Long, Healthy, Satisfied, Joyful Life",￥441.43
"Eat Fat, Get Thin",￥461.22
Don't Get Caught,￥472.14
Doctor Sleep (The Shining #2),￥342.22
Demigods & Magicians: Percy and Annabeth Meet the Kanes (Percy Jackson & Kane Chronicles Crossover #1-3),￥319.96
Dear Mr. Knightley,￥95.62
Daily Fantasy Sports,￥312.03
Crazy Love: Overwhelmed by a Relentless God,￥407.05
Cometh the Hour (The Clifton Chronicles #6),￥213.34
Code Name Verity (Code Name Verity #1),￥188.77
Clockwork Angel (The Infernal Devices #1),￥376.51
City of Glass (The Mortal Instruments #3),￥477.85
City of Fallen Angels (The Mortal Instruments #4),￥95.79
City of Bones (The Mortal Instruments #1),￥369.18
City of Ashes (The Mortal Instruments #2),￥403.21
Cell,￥173.07
Catching Jordan (Hundred Oaks),￥433.58
"Carry On, Warrior: Thoughts on Life Unarmed",￥271.68
Carrie,￥394.34
Buying In: The Secret Dialogue Between What We Buy and Who We Are,￥322.43
Brain on Fire: My Month of Madness,￥420.70
Batman: Europa,￥273.05
Barefoot Contessa Back to Basics,￥238.93
Barefoot Contessa at Home: Everyday Recipes You'll Make Over and Over Again,￥431.79
Balloon Animals,￥145.27
Art Ops Vol. 1,￥416.26
Aristotle and Dante Discover the Secrets of the Universe (Aristotle and Dante Discover the Secrets of the Universe #1),￥495.93
Angels Walking (Angels Walking #1),￥291.73
Angels & Demons (Robert Langdon #1),￥439.12
All the Light We Cannot See,￥254.79
"Adulthood Is a Myth: A ""Sarah's Scribbles"" Collection",￥92.98
Abstract City,￥480.84
A Time of Torment (Charlie Parker #14),￥412.43
A Study in Scarlet (Sherlock Holmes #1),￥142.71
"A Series of Catastrophes and Miracles: A True Story of Love, Science, and Cancer",￥481.77
A People's History of the United States,￥347.94
A Man Called Ove,￥338.81
A Distant Mirror: The Calamitous 14th Century,￥124.37
A Brush of Wings (Angels Walking #3),￥473.50
1491: New Revelations of the Americas Before Columbus,￥185.95
"The Three Searches, Meaning, and the Story",￥113.70
Searching for Meaning in Gailana,￥330.37
Rook,￥322.95
My Kitchen Year: 136 Recipes That Saved My Life,￥98.35
13 Hours: The Inside Account of What Really Happened In Benghazi,￥230.82
Will You Won't You Want Me?,￥118.23
Tipping Point for Planet Earth: How Close Are We to the Edge?,￥320.30
The Star-Touched Queen,￥275.52
The Silent Sister (Riley MacPherson #1),￥394.85
The Midnight Watch: A Novel of the Titanic and the Californian,￥223.49
The Lonely City: Adventures in the Art of Being Alone,￥283.71
The Gray Rhino: How to Recognize and Act on the Obvious Dangers We Ignore,￥504.55
The Golden Condom: And Other Essays on Love Lost and Found,￥336.34
The Epidemic (The Program 0.6),￥123.17
The Dinner Party,￥482.29
The Diary of a Young Girl,￥510.95
The Children,￥101.34
Stars Above (The Lunar Chronicles #4.5),￥409.87
Snatched: How A Drug Queen Went Undercover for the DEA and Was Kidnapped By Colombian Guerillas,￥180.92
Raspberry Pi Electronics Projects for the Evil Genius,￥423.69
Quench Your Own Thirst: Business Lessons Learned Over a Beer or Two,￥367.98
Psycho: Sanitarium (Psycho #1.5),￥315.35
Poisonous (Max Revere Novels #3),￥228.60
One with You (Crossfire #5),￥134.01
No Love Allowed (Dodge Cove #1),￥466.16
Murder at the 42nd Street Library (Raymond Ambler #1),￥463.69
Most Wanted,￥300.94
"Love, Lies and Spies",￥175.29
How to Speak Golf: An Illustrated Guide to Links Lingo,￥497.47
Hide Away (Eve Duncan #20),￥101.00
Furiously Happy: A Funny Book About Horrible Things,￥353.65
Everyday Italian: 125 Simple and Delicious Recipes,￥171.45
Equal Is Unfair: America's Misguided Fight Against Income Inequality,￥485.02
Eleanor & Park,￥482.03
Dirty (Dive Bar #1),￥348.28
Can You Keep a Secret? (Fear Street Relaunch #4),￥414.90
Boar Island (Anna Pigeon #19),￥507.36
A Paris Apartment,￥332.76
"A la Mode: 120 Recipes in 60 Pairings: Pies, Tarts, Cakes, Crisps, and More Topped with Ice Cream, Gelato, Frozen Custard, and More",￥330.71
Troublemaker: Surviving Hollywood and Scientology,￥412.77
The Widow,￥232.53
"The Sleep Revolution: Transforming Your Life, One Night at a Time",￥99.63
The Improbability of Love,￥507.11
The Art of Startup Fundraising,￥179.13
Take Me Home Tonight (Rock Star Romance #3),￥460.45
Sleeping Giants (Themis Files #1),￥415.75
"Setting the World on Fire: The Brief, Astonishing Life of St. Catherine of Siena",￥180.41
Playing with Fire,￥116.95
Off the Hook (Fishing for Trouble #1),￥406.63
Mothering Sunday,￥113.79
"Mother, Can You Not?",￥144.07
M Train,￥231.85
Lilac Girls,￥147.40
Lies and Other Acts of Love,￥385.04
Lab Girl,￥348.45
Keep Me Posted,￥174.52
It Didn't Start with You: How Inherited Family Trauma Shapes Who We Are and How to End the Cycle,￥479.98
Grey (Fifty Shades #4),￥413.62
"Exit, Pursued by a Bear",￥437.93
Daredevils,￥139.38
Cravings: Recipes for What You Want to Eat,￥174.86
Born for This: How to Find the Work You Were Meant to Do,￥184.16
Arena,￥182.20
Adultery,￥178.11
A Mother's Reckoning: Living in the Aftermath of Tragedy,￥166.59
A Gentleman's Position (Society of Gentlemen #3),￥125.82
11/22/63,￥413.53
"10% Happier: How I Tamed the Voice in My Head, Reduced Stress Without Losing My Edge, and Found Self-Help That Actually Works",￥209.58
10-Day Green Smoothie Cleanse: Lose Up to 15 Pounds in 10 Days!,￥424.03
Without Shame,￥411.74
Watchmen,￥495.17
Unlimited Intuition Now,￥502.16
Underlying Notes,￥100.82
The Shack,￥239.10
The New Brand You: Your New Image Makes the Sale for You,￥375.75
"The Moosewood Cookbook: Recipes from Moosewood Restaurant, Ithaca, New York",￥105.26
The Flowers Lied,￥142.28
"The Fabric of the Cosmos: Space, Time, and the Texture of Reality",￥476.91
The Book of Mormon,￥209.58
The Art and Science of Low Carbohydrate Living,￥451.92
The Alien Club,￥464.03
Suzie Snowflake: One beautiful flake (a self-esteem story),￥467.53
Nap-a-Roo,￥213.93
"NaNo What Now? Finding your editing process, revising your NaNoWriMo book and building a writing career through publishing and beyond",￥88.80
Modern Day Fables,￥404.66
If I Gave You God's Phone Number....: Searching for Spirituality in America,￥178.36
"Fruits Basket, Vol. 9 (Fruits Basket #9)",￥289.59
Dress Your Family in Corduroy and Denim,￥372.59
Don't Forget Steven,￥283.45
Chernobyl 01:23:40: The Incredible True Story of the World's Worst Nuclear Disaster,￥306.40
Art and Fear: Observations on the Perils (and Rewards) of Artmaking,￥414.81
A Shard of Ice (The Black Symphony Saga #1),￥483.05
A Hero's Curse (The Unseen Chronicles #1),￥430.68
23 Degrees South: A Tropical Tale of Changing Whether...,￥305.29
"Zero to One: Notes on Startups, or How to Build the Future",￥290.53
Why Not Me?,￥151.49
When Breath Becomes Air,￥335.74
Vagabonding: An Uncommon Guide to the Art of Long-Term World Travel,￥315.10
The Unlikely Pilgrimage of Harold Fry (Harold Fry #1),￥372.08
The New Drawing on the Right Side of the Brain,￥366.96
"The Midnight Assassin: Panic, Scandal, and the Hunt for America's First Serial Killer",￥242.68
The Martian (The Martian #1),￥353.06
The High Mountains of Portugal,￥436.31
The Grownup,￥306.06
The E-Myth Revisited: Why Most Small Businesses Don't Work and What to Do About It,￥314.84
South of Sunshine,￥246.77
Smarter Faster Better: The Secrets of Being Productive in Life and Business,￥331.73
Silence in the Dark (Logan Point #4),￥497.55
Shadows of the Past (Logan Point #1),￥338.39
Roller Girl,￥120.27
Rising Strong,￥186.12
Proofs of God: Classical Arguments from Tertullian to Barth,￥462.41
Please Kill Me: The Uncensored Oral History of Punk,￥266.05
Out of Print: City Lights Spotlight No. 14,￥457.55
My Life Next Door (My Life Next Door ),￥310.41
Miller's Valley,￥499.35
Man's Search for Meaning,￥251.46
"Love That Boy: What Two Presidents, Eight Road Trips, and My Son Taught Me About a Parent's Expectations",￥213.76
Living Forward: A Proven Plan to Stop Drifting and Get the Life You Want,￥107.05
Les Fleurs du Mal,￥247.71
Left Behind (Left Behind #1),￥347.34
Kill 'Em and Leave: Searching for James Brown and the American Soul,￥384.28
Kierkegaard: A Christian Missionary to Christians,￥402.02
John Vassos: Industrial Design for Modern Life,￥172.48
I'll Give You the Sun,￥481.77
I Will Find You,￥377.11
Hystopia: A Novel,￥187.32
Howl and Other Poems,￥345.04
History of Beauty,￥87.77
Heaven is for Real: A Little Boy's Astounding Story of His Trip to Heaven and Back,￥450.90
Future Shock (Future Shock #1),￥474.69
Ender's Game (The Ender Quintet #1),￥372.25
Diary of a Citizen Scientist: Chasing Tiger Beetles and Other New Ways of Engaging the World,￥242.34
Death by Leisure: A Cautionary Tale,￥319.96
Brilliant Beacons: A History of the American Lighthouse,￥97.67
Brazen: The Courage to Find the You That's Been Hiding,￥163.95
Between the World and Me,￥485.44
Being Mortal: Medicine and What Matters in the End,￥469.66
"A Murder Over a Girl: Justice, Gender, Junior High",￥112.60
32 Yolks,￥457.46
"""Most Blessed of the Patriarchs"": Thomas Jefferson and the Empire of the Imagination",￥379.41
You Are a Badass: How to Stop Doubting Your Greatness and Start Living an Awesome Life,￥103.04
Wildlife of New York: A Five-Borough Coloring Book,￥188.85
What Happened on Beale Street (Secrets of the South Mysteries #2),￥216.41
Unreasonable Hope: Finding Faith in the God Who Brings Purpose to Your Pain,￥395.19
Under the Tuscan Sun,￥318.42
Toddlers Are A**holes: It's Not Your Fault,￥217.94
The Year of Living Biblically: One Man's Humble Quest to Follow the Bible as Literally as Possible,￥296.16
The Whale,￥306.74
The Story of Art,￥350.92
The Origin of Species,￥85.39
The Great Gatsby,￥307.51
The Good Girl,￥418.23
The Glass Castle,￥138.53
The Faith of Christopher Hitchens: The Restless Soul of the World's Most Notorious Atheist,￥337.36
The Drowning Girls,￥304.27
The Constant Princess (The Tudor Court #1),￥141.77
The Bourne Identity (Jason Bourne #1),￥364.91
The Bachelor Girl's Guide to Murder (Herringford and Watts Mysteries #1),￥446.12
The Art Book,￥275.86
The 7 Habits of Highly Effective People: Powerful Lessons in Personal Change,￥282.94
Team of Rivals: The Political Genius of Abraham Lincoln,￥171.62
Steal Like an Artist: 10 Things Nobody Told You About Being Creative,￥178.28
"Sit, Stay, Love",￥178.28
Sister Dear,￥342.91
"Shrunken Treasures: Literary Classics, Short, Sweet, and Silly",￥450.98
"Rich Dad, Poor Dad",￥441.34
Raymie Nightingale,￥293.52
Playing from the Heart,￥276.20
Nightstruck: A Novel,￥429.49
"Naturally Lean: 125 Nourishing Gluten-Free, Plant-Based Recipes--All Under 300 Calories",￥97.07
Meternity,￥371.74
Memoirs of a Geisha,￥423.69
Like Never Before (Walker Family #2),￥245.41
Life of Pi,￥112.77
Leave This Song Behind: Teen Poetry at Its Best,￥436.48
King's Folly (The Kinsman Chronicles #1),￥337.87
John Adams,￥489.88
How to Cook Everything Vegetarian: Simple Meatless Recipes for Great Food (How to Cook Everything),￥392.47
How to Be a Domestic Goddess: Baking and the Art of Comfort Cooking,￥240.97
Good in Bed (Cannie Shapiro #1),￥316.04
"Fruits Basket, Vol. 7 (Fruits Basket #7)",￥166.93
For the Love: Fighting for Grace in a World of Impossible Standards,￥384.96
Finding God in the Ruins: How God Redeems Pain,￥397.84
Every Heart a Doorway (Every Heart A Doorway #1),￥103.72
Delivering the Truth (Quaker Midwife Mystery #1),￥178.19
Counted With the Stars (Out from Egypt #1),￥153.28
"Chronicles, Vol. 1",￥448.68
Blue Like Jazz: Nonreligious Thoughts on Christian Spirituality,￥219.82
Benjamin Franklin: An American Life,￥411.06
"At The Existentialist Café: Freedom, Being, and apricot cocktails with: Jean-Paul Sartre, Simone de Beauvoir, Albert Camus, Martin Heidegger, Edmund Husserl, Karl Jaspers, Maurice Merleau-Ponty and others",￥255.30
A Summer In Europe,￥378.22
A Short History of Nearly Everything,￥446.97
A Gathering of Shadows (Shades of Magic #2),￥382.23
The Sound Of Love,￥493.38
The Rise and Fall of the Third Reich: A History of Nazi Germany,￥338.39
The Perks of Being a Wallflower,￥469.32
The Mysterious Affair at Styles (Hercule Poirot #1),￥211.54
The Man Who Mistook His Wife for a Hat and Other Clinical Tales,￥507.11
The Makings of a Fatherless Child,￥269.38
The Joy of Cooking,￥369.09
The Invention of Wings,￥318.51
The Hobbit (Middle-Earth Universe),￥151.83
The Great Railway Bazaar,￥260.51
The Golden Compass (His Dark Materials #1),￥160.11
The God Delusion,￥399.63
The Girl You Left Behind (The Girl You Left Behind #1),￥134.69
The Fellowship of the Ring (The Lord of the Rings #1),￥87.60
The Collected Poems of W.B. Yeats (The Collected Works of W.B. Yeats #1),￥131.53
The Barefoot Contessa Cookbook,￥511.12
Tell the Wolves I'm Home,￥434.69
Ship Leaves Harbor: Essays on Travel by a Recovering Journeyman,￥261.02
Pride and Prejudice,￥164.37
Musicophilia: Tales of Music and the Brain,￥397.33
Mere Christianity,￥413.79
Me Before You (Me Before You #1),￥162.24
In the Woods (Dublin Murder Squad #1),￥327.38
In Cold Blood,￥426.33
How to Stop Worrying and Start Living,￥396.56
Give It Back,￥156.27
"Girl, Interrupted",￥359.45
Fun Home: A Family Tragicomic,￥482.71
"Fruits Basket, Vol. 6 (Fruits Basket #6)",￥178.79
Deception Point,￥343.93
"Death Note, Vol. 6: Give-and-Take (Death Note #6)",￥310.41
Catherine the Great: Portrait of a Woman,￥499.43
Better Homes and Gardens New Cook Book,￥337.87
An Unquiet Mind: A Memoir of Moods and Madness,￥181.69
A Year in Provence (Provence #1),￥485.19
World Without End (The Pillars of the Earth #2),￥281.23
"Will Grayson, Will Grayson (Will Grayson, Will Grayson)",￥403.55
Why Save the Bankers?: And Other Essays on Our Economic and Political Crisis,￥415.16
Where She Went (If I Stay #2),￥355.96
What If?: Serious Scientific Answers to Absurd Hypothetical Questions,￥457.89
Two Summers,￥124.88
This Is Your Brain on Music: The Science of a Human Obsession,￥327.55
The Secret Garden,￥128.63
The Raven King (The Raven Cycle #4),￥260.76
The Raven Boys (The Raven Cycle #1),￥492.52
The Power Greens Cookbook: 140 Delicious Superfood Recipes,￥94.26
The Metamorphosis,￥243.79
The Mathews Men: Seven Brothers and the War Against Hitler's U-boats,￥366.02
The Little Paris Bookshop,￥210.95
The Hiding Place,￥476.91
The Grand Design,￥117.37
The Firm,￥388.63
The Fault in Our Stars,￥402.79
The False Prince (The Ascendance Trilogy #1),￥477.68
The Expatriates,￥380.27
The Dream Thieves (The Raven Cycle #2),￥294.28
The Darkest Corners,￥96.64
The Crossover,￥330.71
The 5th Wave (The 5th Wave #1),￥100.91
Tell the Wind and Fire,￥388.20
Tell Me Three Things,￥356.64
Talking to Girls About Duran Duran: One Young Man's Quest for True Love and a Cooler Haircut,￥214.53
Siddhartha,￥291.90
Shiver (The Wolves of Mercy Falls #1),￥138.44
Remember Me?,￥97.92
Red Dragon (Hannibal Lecter #1),￥199.35
Peak: Secrets from the New Science of Expertise,￥138.87
My Mother Was Nuts,￥269.80
Mexican Today: New and Rediscovered Recipes for Contemporary Kitchens,￥212.48
Maybe Something Beautiful: How Art Transformed a Neighborhood,￥192.27
Lola and the Boy Next Door (Anna and the French Kiss #2),￥201.56
Logan Kade (Fallen Crest High #5.5),￥111.91
Last One Home (New Beginnings #1),￥511.63
Killing Floor (Jack Reacher #1),￥268.61
Kill the Boy Band,￥132.39
Isla and the Happily Ever After (Anna and the French Kiss #3),￥410.55
If I Stay (If I Stay #1),￥325.25
I Know Why the Caged Bird Sings (Maya Angelou's Autobiography #1),￥311.77
Harry Potter and the Deathly Hallows (Harry Potter #7),￥198.92
"Fruits Basket, Vol. 5 (Fruits Basket #5)",￥139.29
Foundation (Foundation (Publication Order) #1),￥276.54
Fool Me Once,￥144.67
Find Her (Detective D.D. Warren #8),￥190.82
Evicted: Poverty and Profit in the American City,￥360.56
Drama,￥330.11
Dracula the Un-Dead,￥303.92
Digital Fortress,￥494.74
"Death Note, Vol. 5: Whiteout (Death Note #5)",￥447.06
"Data, A Love Story: How I Gamed Online Dating to Meet My Match",￥275.95
Critique of Pure Reason,￥177.00
Booked,￥149.19
"Blue Lily, Lily Blue (The Raven Cycle #3)",￥291.13
Approval Junkie: Adventures in Caring Too Much,￥501.65
An Abundance of Katherines,￥85.30
America's War for the Greater Middle East: A Military History,￥436.91
Alight (The Generations Trilogy #2),￥499.77
A Girl's Guide to Moving On (New Beginnings #2),￥266.99
A Game of Thrones (A Song of Ice and Fire #1),￥395.96
A Feast for Crows (A Song of Ice and Fire #4),￥146.80
A Clash of Kings (A Song of Ice and Fire #2),￥92.04
Vogue Colors A to Z: A Fashion Coloring Book,￥446.55
The Shining (The Shining #1),￥237.82
The Pilgrim's Progress,￥428.72
The Perfect Play (Play by Play #1),￥511.71
The Passion of Dolssa,￥241.57
The Jazz of Physics: The Secret Link Between Music and the Structure of the Universe,￥330.20
The Hunger Games (The Hunger Games #1),￥254.62
The Hound of the Baskervilles (Sherlock Holmes #5),￥126.41
The Gunning of America: Business and the Making of American Gun Culture,￥143.39
The Geography of Bliss: One Grump's Search for the Happiest Places in the World,￥240.80
The Demonists (Demonist #1),￥444.50
"The Demon Prince of Momochi House, Vol. 4 (The Demon Prince of Momochi House #4)",￥237.82
The Bone Hunters (Lexy Vaughan & Steven Macaulay #2),￥509.33
The Beast (Black Dagger Brotherhood #14),￥393.06
Some Women,￥117.12
Shopaholic Ties the Knot (Shopaholic #3),￥412.77
Paper and Fire (The Great Library #2),￥421.81
Outlander (Outlander #1),￥167.79
"Orchestra of Exiles: The Story of Bronislaw Huberman, the Israel Philharmonic, and the One Thousand Jews He Saved from Nazi Horrors",￥105.43
No One Here Gets Out Alive,￥170.77
Night Shift (Night Shift #1-20),￥108.76
Needful Things,￥405.26
Mockingjay (The Hunger Games #3),￥174.35
Misery,￥296.76
Little Women (Little Women #1),￥239.44
It,￥213.34
Harry Potter and the Sorcerer's Stone (Harry Potter #1),￥118.57
Harry Potter and the Prisoner of Azkaban (Harry Potter #3),￥206.17
Harry Potter and the Order of the Phoenix (Harry Potter #5),￥269.80
Harry Potter and the Half-Blood Prince (Harry Potter #6),￥415.84
Harry Potter and the Chamber of Secrets (Harry Potter #2),￥125.73
Gone with the Wind,￥277.14
God Is Not Great: How Religion Poisons Everything,￥237.13
Girl With a Pearl Earring,￥228.35
"Fruits Basket, Vol. 4 (Fruits Basket #4)",￥430.25
Far From True (Promise Falls Trilogy #2),￥297.95
Dark Lover (Black Dagger Brotherhood #1),￥109.78
Confessions of a Shopaholic (Shopaholic #1),￥417.46
Changing the Game (Play by Play #2),￥114.13
Candide,￥500.11
Can You Keep a Secret?,￥187.15
Atlas Shrugged,￥226.73
Animal Farm,￥488.09
A Walk to Remember,￥481.35
A New Earth: Awakening to Your Life's Purpose,￥474.69
"A History of God: The 4,000-Year Quest of Judaism, Christianity, and Islam",￥235.60
'Salem's Lot,￥422.75
Zero History (Blue Ant #3),￥296.59
Wuthering Heights,￥151.24
World War Z: An Oral History of the Zombie War,￥185.95
Wild: From Lost to Found on the Pacific Crest Trail,￥392.55
"Where'd You Go, Bernadette",￥154.65
When You Are Engulfed in Flames,￥263.49
We the People: The Modern-Day Figures Who Have Reshaped and Affirmed the Founding Fathers' Vision of America,￥272.53
We Are All Completely Beside Ourselves,￥205.06
Walk the Edge (Thunder Road #2),￥276.03
Voyager (Outlander #3),￥179.73
Very Good Lives: The Fringe Benefits of Failure and the Importance of Imagination,￥432.13
Vegan Vegetarian Omnivore: Dinner for Everyone at the Table,￥116.52
"Unstuffed: Decluttering Your Home, Mind, and Soul",￥495.51
Under the Banner of Heaven: A Story of Violent Faith,￥255.90
Two Boys Kissing,￥279.27
Twilight (Twilight #1),￥357.66
Twenties Girl,￥365.08
"Trespassing Across America: One Man's Epic, Never-Done-Before (and Sort of Illegal) Hike Across the Heartland",￥456.44
Three-Martini Lunch,￥197.98
"Thinking, Fast and Slow",￥180.32
The Wild Robot,￥478.28
"The Wicked + The Divine, Vol. 3: Commercial Suicide (The Wicked + The Divine)",￥122.92
The Undomestic Goddess,￥390.25
The Travelers,￥134.52
The Tipping Point: How Little Things Can Make a Big Difference,￥85.47
The Thing About Jellyfish,￥416.01
The Stand,￥493.55
The Smitten Kitchen Cookbook,￥201.22
The Silkworm (Cormoran Strike #2),￥196.62
"The Sandman, Vol. 3: Dream Country (The Sandman (volumes) #3)",￥473.84
The Rose & the Dagger (The Wrath and the Dawn #2),￥500.20
The Road to Little Dribbling: Adventures of an American in Britain (Notes From a Small Island #2),￥197.98
The Rise of Theodore Roosevelt (Theodore Roosevelt #1),￥363.12
The Restaurant at the End of the Universe (Hitchhiker's Guide to the Galaxy #2),￥93.15
The Rest Is Noise: Listening to the Twentieth Century,￥296.59
The Red Tent,￥304.18
The Purpose Driven Life: What on Earth Am I Here for?,￥317.23
The Purest Hook (Second Circle Tattoos #3),￥104.49
The Picture of Dorian Gray,￥253.34
The Paris Wife,￥313.90
The Obsession,￥387.52
The Nightingale,￥224.00
The New Guy (and Other Senior Year Distractions),￥383.17
The Nanny Diaries (Nanny #1),￥448.08
The Name of God is Mercy,￥317.74
The Maze Runner (The Maze Runner #1),￥178.53
The Lover's Dictionary,￥495.51
The Lonely Ones,￥371.82
The Lean Startup: How Today's Entrepreneurs Use Continuous Innovation to Create Radically Successful Businesses,￥289.34
The Last Painting of Sara de Vos,￥473.84
"The Land of 10,000 Madonnas",￥252.83
The Infinities,￥233.81
The Husband's Secret,￥447.91
The Hitchhiker's Guide to the Galaxy (Hitchhiker's Guide to the Galaxy #1),￥407.73
The Guns of August,￥124.03
The Guernsey Literary and Potato Peel Pie Society,￥422.49
The Goldfinch,￥371.74
The Giver (The Giver Quartet #1),￥104.92
The Girl with All the Gifts,￥421.98
The Girl Who Played with Fire (Millennium Trilogy #2),￥188.85
The Girl Who Kicked the Hornet's Nest (Millennium Trilogy #3),￥490.30
The Exiled,￥370.63
"The End of Faith: Religion, Terror, and the Future of Reason",￥188.77
"The Elegant Universe: Superstrings, Hidden Dimensions, and the Quest for the Ultimate Theory",￥111.15
"The Disappearing Spoon: And Other True Tales of Madness, Love, and the History of the World from the Periodic Table of the Elements",￥489.20
The Devil Wears Prada (The Devil Wears Prada #1),￥377.79
The Demon-Haunted World: Science as a Candle in the Dark,￥445.69
The Day the Crayons Came Home (Crayons),￥224.59
The Da Vinci Code (Robert Langdon #2),￥195.85
The Cuckoo's Calling (Cormoran Strike #1),￥163.86
The Complete Stories and Poems (The Works of Edgar Allan Poe [Cameo Edition]),￥228.43
The Complete Poems,￥352.46
The Catcher in the Rye,￥209.41
The Cat in the Hat (Beginner Books B-1),￥138.70
The Case for Christ (Cases for Christianity),￥408.08
The Book Thief,￥456.27
The Book of Basketball: The NBA According to The Sports Guy,￥382.49
The Blind Side: Evolution of a Game,￥458.15
The Autobiography of Malcolm X,￥199.86
"The Art of Simple Food: Notes, Lessons, and Recipes from a Delicious Revolution",￥292.75
The Art of Fielding,￥188.51
"Surely You're Joking, Mr. Feynman!: Adventures of a Curious Character",￥220.33
Stiff: The Curious Lives of Human Cadavers,￥313.39
Spilled Milk: Based on a True Story,￥422.32
Something Borrowed (Darcy & Rachel #1),￥417.63
Something Blue (Darcy & Rachel #2),￥465.91
Soldier (Talon #3),￥210.86
Shopaholic & Baby (Shopaholic #5),￥396.22
Seven Days in the Art World,￥446.37
Seven Brief Lessons on Physics,￥261.02
Scarlet (The Lunar Chronicles #2),￥124.28
Sarah's Key,￥394.85
"Saga, Volume 3 (Saga (Collected Editions) #3)",￥183.99
Running with Scissors,￥110.12
Rogue Lawyer (Rogue Lawyer #1),￥427.44
"Rise of the Rocket Girls: The Women Who Propelled Us, from Missiles to the Moon to Mars",￥355.45
Rework,￥382.83
Reservations for Two,￥94.68
Red: The True Story of Red Riding Hood,￥243.45
Ready Player One,￥162.67
Quiet: The Power of Introverts in a World That Can't Stop Talking,￥371.48
Prodigy: The Graphic Novel (Legend: The Graphic Novel #2),￥372.16
Persepolis: The Story of a Childhood (Persepolis #1-2),￥333.78
Packing for Mars: The Curious Science of Life in the Void,￥483.48
Outliers: The Story of Success,￥120.78
Original Fake,￥268.27
Orange Is the New Black,￥209.92
One for the Money (Stephanie Plum #1),￥280.38
Notes from a Small Island (Notes From a Small Island #1),￥342.65
Night (The Night Trilogy #1),￥115.24
Neither Here nor There: Travels in Europe,￥332.24
Naked,￥270.32
Morning Star (Red Rising #3),￥250.78
"Miracles from Heaven: A Little Girl, Her Journey to Heaven, and Her Amazing Story of Healing",￥493.29
Midnight Riot (Peter Grant/ Rivers of London - books #1),￥473.07
Me Talk Pretty One Day,￥491.33
Manuscript Found in Accra,￥298.38
Lust & Wonder,￥101.25
Lila (Gilead #3),￥106.37
"Life, the Universe and Everything (Hitchhiker's Guide to the Galaxy #3)",￥283.71
Life Without a Recipe,￥503.61
Life After Life,￥222.89
Letter to a Christian Nation,￥189.37
Let's Pretend This Never Happened: A Mostly True Memoir,￥384.79
Legend (Legend #1),￥372.68
"Lean In: Women, Work, and the Will to Lead",￥213.42
"Lamb: The Gospel According to Biff, Christ's Childhood Pal",￥473.41
Lady Renegades (Rebel Belle #3),￥452.43
Jurassic Park (Jurassic Park #1),￥383.59
It's Never Too Late to Begin Again: Discovering Creativity and Meaning at Midlife and Beyond,￥361.50
Is Everyone Hanging Out Without Me? (And Other Concerns),￥171.54
Into the Wild,￥483.65
Inferno (Robert Langdon #4),￥349.73
"In the Garden of Beasts: Love, Terror, and an American Family in Hitler's Berlin",￥246.09
If I Run (If I Run #1),￥426.24
I've Got Your Number,￥167.96
I Am Malala: The Girl Who Stood Up for Education and Was Shot by the Taliban,￥246.35
Hungry Girl Clean & Hungry: Easy All-Natural Recipes for Healthy Eating in the Real World,￥282.68
"House of Lost Worlds: Dinosaurs, Dynasties, and the Story of Life on Earth",￥372.76
House of Leaves,￥468.21
Horrible Bear!,￥320.05
Holidays on Ice,￥435.63
Heir to the Sky,￥375.92
Green Eggs and Ham (Beginner Books B-16),￥92.04
"Grayson, Vol 3: Nemesis (Grayson #3)",￥364.40
Gratitude,￥227.41
Gone Girl,￥320.73
Golden (Heart of Dread #3),￥360.05
Girl in the Blue Coat,￥399.46
"Fruits Basket, Vol. 3 (Fruits Basket #3)",￥385.30
"Friday Night Lights: A Town, a Team, and a Dream",￥436.91
Fire Bound (Sea Haven/Sisters of the Heart #5),￥181.52
Fifty Shades Freed (Fifty Shades #3),￥131.02
Fellside,￥329.43
Extreme Prey (Lucas Davenport #26),￥216.66
Eragon (The Inheritance Cycle #1),￥374.21
Eclipse (Twilight #3),￥159.85
Dune (Dune #1),￥467.96
Dracula,￥448.85
Do Androids Dream of Electric Sheep? (Blade Runner #1),￥439.12
Disrupted: My Misadventure in the Start-Up Bubble,￥130.34
Dead Wake: The Last Crossing of the Lusitania,￥334.72
"David and Goliath: Underdogs, Misfits, and the Art of Battling Giants",￥151.92
Darkfever (Fever #1),￥477.85
Dark Places,￥203.87
Crazy Rich Asians (Crazy Rich Asians #1),￥419.08
Counting Thyme,￥90.59
Cosmos,￥308.53
Civilization and Its Discontents,￥511.37
Cinder (The Lunar Chronicles #1),￥222.55
Catastrophic Happiness: Finding Joy in Childhood's Messy Years,￥318.60
Career of Evil (Cormoran Strike #3),￥210.86
Breaking Dawn (Twilight #4),￥300.94
Brave Enough,￥437.76
Boy Meets Boy,￥180.15
"Born to Run: A Hidden Tribe, Superathletes, and the Greatest Race the World Has Never Seen",￥233.30
Blink: The Power of Thinking Without Thinking,￥185.44
Black Flags: The Rise of ISIS,￥348.62
"Black Butler, Vol. 1 (Black Butler #1)",￥420.61
Big Little Lies,￥188.60
Between Shades of Gray,￥177.34
Best of My Love (Fool's Gold #20),￥233.81
Beowulf,￥327.13
Beautiful Creatures (Caster Chronicles #1),￥183.82
Awkward,￥324.31
Ash,￥188.17
Are We There Yet?,￥90.93
Are We Smart Enough to Know How Smart Animals Are?,￥482.63
Annie on My Mind,￥314.16
And Then There Were None,￥298.64
A Walk in the Woods: Rediscovering America on the Appalachian Trail,￥259.99
A Visit from the Goon Squad,￥120.10
A Storm of Swords (A Song of Ice and Fire #3),￥266.31
A Heartbreaking Work of Staggering Genius,￥463.09
8 Keys to Mental Health Through Exercise,￥264.77
#GIRLBOSS,￥434.69
"The Suffragettes (Little Black Classics, #96)",￥101.42
The Sense of an Ending,￥267.67
"The Sandman, Vol. 2: The Doll's House (The Sandman (volumes) #2)",￥467.53
The Course of Love,￥143.13
Sugar Rush (Offensive Line #2),￥208.30
"Saga, Volume 2 (Saga (Collected Editions) #2)",￥100.23
"Run, Spot, Run: The Ethics of Keeping Pets",￥170.77
New Moon (Twilight #2),￥109.70
Life,￥269.38
Kindle Paperwhite User's Guide,￥290.02
H is for Hawk,￥489.79
Girl Online On Tour (Girl Online #2),￥456.10
"Fruits Basket, Vol. 2 (Fruits Basket #2)",￥99.29
Diary of a Minecraft Zombie Book 1: A Scare of a Dare (An Unofficial Minecraft Book),￥451.07
"Y: The Last Man, Vol. 1: Unmanned (Y: The Last Man #1)",￥157.89
While You Were Mine,￥352.46
Where Lightning Strikes (Bleeding Stars #3),￥339.24
When I'm Gone,￥443.22
Ways of Seeing,￥337.02
"Vampire Knight, Vol. 1 (Vampire Knight #1)",￥131.36
Vampire Girl (Vampire Girl #1),￥459.08
Twenty Love Poems and a Song of Despair,￥264.00
Travels with Charley: In Search of America,￥493.20
Three Wishes (River of Time: California #1),￥376.86
This One Moment (Pushing Limits #1),￥415.50
The Zombie Room,￥167.96
"The Wicked + The Divine, Vol. 1: The Faust Act (The Wicked + The Divine)",￥311.52
The Tumor,￥354.51
The Story of Hong Gildong,￥368.41
The Silent Wife,￥105.26
The Silent Twin (Detective Jennifer Knight #3),￥309.21
The Selfish Gene,￥251.21
The Secret Healer,￥294.80
"The Sandman, Vol. 1: Preludes and Nocturnes (The Sandman (volumes) #1)",￥461.64
The Republic,￥288.14
The Odyssey,￥252.83
The No. 1 Ladies' Detective Agency (No. 1 Ladies' Detective Agency #1),￥492.18
The Nicomachean Ethics,￥309.98
The Name of the Wind (The Kingkiller Chronicle #1),￥431.53
The Mirror & the Maze (The Wrath and the Dawn #1.5),￥250.61
The Little Prince,￥387.43
The Light of the Fireflies,￥464.29
The Last Girl (The Dominion Trilogy #1),￥309.30
The Iliad,￥137.84
The Hook Up (Game On #1),￥309.55
The Haters,￥237.90
The Girl You Lost,￥104.83
The Girl In The Ice (DCI Erika Foster #1),￥135.20
The End of the Jesus Era (An Investigation #1),￥122.83
The Edge of Reason (Bridget Jones #2),￥163.61
The Complete Maus (Maus #1-2),￥90.76
The Communist Manifesto,￥125.90
The Bhagavad Gita,￥490.39
The Bette Davis Club,￥261.53
The Art of Not Breathing,￥348.28
Taking Shots (Assassins #1),￥161.05
Starlark,￥220.33
"Skip Beat!, Vol. 01 (Skip Beat! #1)",￥359.28
Sister Sable (The Mad Queen #1),￥113.70
Shatter Me (Shatter Me #1),￥361.67
Shameless,￥497.73
Shadow Rites (Jane Yellowrock #10),￥185.27
Settling the Score (The Summer Games #1),￥383.08
Sense and Sensibility,￥319.53
"Saga, Volume 1 (Saga (Collected Editions) #1)",￥242.93
"Rhythm, Chord & Malykhin",￥241.74
"Rat Queens, Vol. 1: Sass & Sorcery (Rat Queens (Collected Editions) #1-5)",￥400.57
Paradise Lost (Paradise #1),￥212.91
"Paper Girls, Vol. 1 (Paper Girls #1-5)",￥185.19
"Ouran High School Host Club, Vol. 1 (Ouran High School Host Club #1)",￥254.79
Origins (Alphas 0.5),￥247.28
One Second (Seven #7),￥451.58
On the Road (Duluoz Legend),￥276.03
Old Records Never Die: One Man's Quest for His Vinyl and His Past,￥474.78
Off Sides (Off #1),￥336.51
Of Mice and Men,￥401.85
Myriad (Prentor #1),￥501.14
My Perfect Mistake (Over the Top #1),￥331.99
"Ms. Marvel, Vol. 1: No Normal (Ms. Marvel (2014-2015) #1)",￥336.00
Meditations,￥220.84
Matilda,￥241.74
Lost Among the Living,￥236.28
Lord of the Flies,￥212.31
Listen to Me (Fusion #1),￥503.18
Kitchens of the Great Midwest,￥487.92
Jane Eyre,￥327.81
Imperfect Harmony,￥296.33
Icing (Aces Hockey #2),￥344.95
"Hawkeye, Vol. 1: My Life as a Weapon (Hawkeye #1)",￥385.90
Having the Barbarian's Baby (Ice Planet Barbarians #7.5),￥298.21
"Giant Days, Vol. 1 (Giant Days #1-4)",￥484.16
"Fruits Basket, Vol. 1 (Fruits Basket #1)",￥343.59
Frankenstein,￥324.14
Forever Rockers (The Rocker #12),￥245.66
Fighting Fate (Fighting #6),￥334.72
Emma,￥280.89
"Eat, Pray, Love",￥437.76
Deep Under (Walker Security #1),￥401.68
Choosing Our Religion: The Spiritual Lives of America's Nones,￥242.42
Charlie and the Chocolate Factory (Charlie Bucket #1),￥194.91
Charity's Cross (Charles Towne Belles #4),￥351.78
Bright Lines,￥333.27
Bridget Jones's Diary (Bridget Jones #1),￥254.36
Bounty (Colorado Mountain #7),￥317.83
Blood Defense (Samantha Brinkman #1),￥173.16
"Bleach, Vol. 1: Strawberry and the Soul Reapers (Bleach #1)",￥295.56
Beyond Good and Evil,￥370.03
Alice in Wonderland (Alice's Adventures in Wonderland #1),￥473.67
"Ajin: Demi-Human, Volume 1 (Ajin: Demi-Human #1)",￥486.72
A Spy's Devotion (The Regency Spies of London #1),￥144.75
1st to Die (Women's Murder Club #1),￥460.45
"1,000 Places to See Before You Die",￥222.46
